ID,Started,Finished,Updated,Subject
1156840,2024/09/09 7:47,2024/09/09 7:47,2024/09/09 7:47,U11
1156841,2024/09/09 7:47,2024/09/09 7:47,2024/09/09 7:47,U11
1156842,2024/09/09 7:47,2024/09/09 7:48,2024/09/09 7:48,U11
1156843,2024/09/09 7:48,2024/09/09 7:48,2024/09/09 7:48,U11
1156844,2024/09/09 7:48,2024/09/09 7:48,2024/09/09 7:48,U11
1156845,2024/09/09 7:48,2024/09/09 7:48,2024/09/09 7:48,U11
1156846,2024/09/09 7:48,2024/09/09 7:48,2024/09/09 7:48,U11
1156847,2024/09/09 7:48,2024/09/09 7:48,2024/09/09 7:49,U11
1156848,2024/09/09 7:48,2024/09/09 7:49,2024/09/09 7:49,U11
1156849,,,2024/09/09 7:47,U11
1156850,,,2024/09/09 7:47,U11
1156851,,,2024/09/09 7:47,U11
1160415,,,2024/09/10 5:48,U11
1164231,2024/09/11 5:14,2024/09/11 5:14,2024/09/11 5:15,U8
1164232,2024/09/11 5:15,2024/09/11 5:15,2024/09/11 5:15,U8
1164233,2024/09/11 5:15,2024/09/11 5:15,2024/09/11 5:15,U8
1164234,2024/09/11 5:16,2024/09/11 5:16,2024/09/11 5:16,U8
1164235,2024/09/11 5:16,2024/09/11 5:16,2024/09/11 5:16,U8
1164236,2024/09/11 5:17,2024/09/11 5:17,2024/09/11 5:17,U8
1164237,2024/09/11 5:17,2024/09/11 5:17,2024/09/11 5:18,U8
1164238,2024/09/11 5:17,2024/09/11 5:18,2024/09/11 5:18,U8
1164239,2024/09/11 5:18,2024/09/11 5:18,2024/09/11 5:18,U8
1164240,2024/09/11 5:18,2024/09/11 5:18,2024/09/11 5:18,U8
1164241,2024/09/11 5:18,2024/09/11 5:18,2024/09/11 5:19,U8
1164242,2024/09/11 5:19,2024/09/11 5:19,2024/09/11 5:19,U8
1164243,2024/09/11 5:19,2024/09/11 5:19,2024/09/11 5:19,U8
1164245,2024/09/11 5:19,2024/09/11 5:19,2024/09/11 5:19,U8
1164246,2024/09/11 5:19,2024/09/11 5:19,2024/09/11 5:20,U8
1164247,2024/09/11 5:20,2024/09/11 5:20,2024/09/11 5:20,U8
1164248,2024/09/11 5:20,2024/09/11 5:20,2024/09/11 5:20,U8
1164250,2024/09/11 5:20,2024/09/11 5:20,2024/09/11 5:21,U8
1164252,2024/09/11 5:21,2024/09/11 5:21,2024/09/11 5:21,U8
1164253,2024/09/11 5:21,2024/09/11 5:22,2024/09/11 5:22,U8
1164254,2024/09/11 5:22,2024/09/11 5:22,2024/09/11 5:22,U8
1164255,2024/09/11 5:22,2024/09/11 5:22,2024/09/11 5:23,U8
1164256,2024/09/11 5:24,2024/09/11 5:24,2024/09/11 5:24,U8
1164257,2024/09/11 5:24,2024/09/11 5:25,2024/09/11 5:25,U8
1164258,2024/09/11 5:25,2024/09/11 5:26,2024/09/11 5:26,U8
1164259,2024/09/11 5:26,2024/09/11 5:27,2024/09/11 5:27,U8
1164260,2024/09/11 5:27,2024/09/11 5:27,2024/09/11 5:28,U8
1164268,2024/09/11 5:16,2024/09/11 5:17,2024/09/11 5:17,U8
1164281,2024/09/11 5:23,2024/09/11 5:23,2024/09/11 5:23,U8
1166499,2024/09/11 17:21,2024/09/11 17:21,2024/09/11 17:21,U9
1166504,2024/09/11 17:29,2024/09/11 17:29,2024/09/11 17:29,U9
1166505,2024/09/11 17:29,2024/09/11 17:29,2024/09/11 17:29,U9
1166506,2024/09/11 17:30,2024/09/11 17:31,2024/09/11 17:31,U9
1166507,2024/09/11 17:31,2024/09/11 17:31,2024/09/11 17:32,U9
1166508,2024/09/11 17:32,2024/09/11 17:32,2024/09/11 17:32,U9
1166509,2024/09/11 17:32,2024/09/11 17:32,2024/09/11 17:32,U9
1166510,2024/09/11 17:33,2024/09/11 17:33,2024/09/11 17:33,U9
1166511,2024/09/11 17:33,2024/09/11 17:33,2024/09/11 17:33,U9
1166512,2024/09/11 17:33,2024/09/11 17:34,2024/09/11 17:34,U9
1166513,2024/09/11 17:34,2024/09/11 17:34,2024/09/11 17:35,U9
1166514,2024/09/11 17:34,2024/09/11 17:35,2024/09/11 17:35,U9
1166515,2024/09/11 17:35,2024/09/11 17:35,2024/09/11 17:35,U9
1166516,2024/09/11 17:35,2024/09/11 17:35,2024/09/11 17:36,U9
1166517,2024/09/11 17:35,2024/09/11 17:36,2024/09/11 17:36,U9
1166518,2024/09/11 17:36,2024/09/11 17:36,2024/09/11 17:36,U9
1166519,2024/09/11 17:37,2024/09/11 17:37,2024/09/11 17:37,U9
1166520,2024/09/11 17:37,2024/09/11 17:37,2024/09/11 17:37,U9
1166521,2024/09/11 17:37,2024/09/11 17:38,2024/09/11 17:38,U9
1166522,2024/09/11 17:38,2024/09/11 17:38,2024/09/11 17:38,U9
1166523,2024/09/11 17:38,2024/09/11 17:39,2024/09/11 17:39,U9
1166524,2024/09/11 17:39,2024/09/11 17:39,2024/09/11 17:39,U9
1166525,2024/09/11 17:36,2024/09/11 17:36,2024/09/11 17:36,U9
1166526,2024/09/11 17:42,2024/09/11 17:42,2024/09/11 17:42,U9
1166527,2024/09/11 17:43,2024/09/11 17:43,2024/09/11 17:43,U9
1166528,2024/09/11 17:43,2024/09/11 17:44,2024/09/11 17:44,U9
1166529,,,2024/09/11 17:22,U9
1166530,2024/09/11 17:47,2024/09/11 17:47,2024/09/11 17:48,U9
1166531,2024/09/11 17:48,2024/09/11 17:48,2024/09/11 17:49,U9
1166532,2024/09/11 17:42,2024/09/11 17:44,2024/09/11 17:44,U9
1166533,2024/09/11 17:49,2024/09/11 17:49,2024/09/11 17:49,U9
1166540,2024/09/11 17:30,2024/09/11 17:30,2024/09/11 17:30,U9
1166542,2024/09/11 17:30,2024/09/11 17:30,2024/09/11 17:30,U9
1166551,2024/09/11 17:39,2024/09/11 17:40,2024/09/11 17:40,U9
1167268,2024/09/11 22:51,2024/09/11 22:51,2024/09/11 22:52,U10
1167269,2024/09/11 22:52,2024/09/11 22:52,2024/09/11 22:53,U10
1167270,2024/09/11 22:53,2024/09/11 22:53,2024/09/11 22:53,U10
1167273,2024/09/11 22:53,2024/09/11 22:53,2024/09/11 22:53,U10
1167274,2024/09/11 22:53,2024/09/11 22:53,2024/09/11 22:54,U10
1167275,2024/09/11 22:53,2024/09/11 22:54,2024/09/11 22:54,U10
1167276,2024/09/11 22:54,2024/09/11 22:54,2024/09/11 22:54,U10
1167277,2024/09/11 22:54,2024/09/11 22:55,2024/09/11 22:55,U10
1167278,2024/09/11 22:54,2024/09/11 22:55,2024/09/11 22:55,U10
1167279,2024/09/11 22:55,2024/09/11 22:55,2024/09/11 22:55,U10
1167280,2024/09/11 22:55,2024/09/11 22:56,2024/09/11 22:56,U10
1167281,2024/09/11 22:56,2024/09/11 22:56,2024/09/11 22:56,U10
1167282,2024/09/11 22:56,2024/09/11 22:56,2024/09/11 22:56,U10
1167283,2024/09/11 22:57,2024/09/11 22:57,2024/09/11 22:57,U10
1167284,2024/09/11 22:57,2024/09/11 22:57,2024/09/11 22:58,U10
1167285,2024/09/11 22:58,2024/09/11 22:58,2024/09/11 22:59,U10
1167286,2024/09/11 22:58,2024/09/11 22:59,2024/09/11 22:59,U10
1167287,2024/09/11 22:59,2024/09/11 22:59,2024/09/11 22:59,U10
1167288,2024/09/11 22:59,2024/09/11 22:59,2024/09/11 22:59,U10
1167289,2024/09/11 23:00,2024/09/11 23:00,2024/09/11 23:00,U10
1167290,2024/09/11 23:00,2024/09/11 23:01,2024/09/11 23:01,U10
1167291,2024/09/11 23:01,2024/09/11 23:01,2024/09/11 23:01,U10
1167292,2024/09/11 23:02,2024/09/11 23:02,2024/09/11 23:02,U10
1167293,2024/09/11 23:02,2024/09/11 23:03,2024/09/11 23:03,U10
1167294,2024/09/11 23:03,2024/09/11 23:03,2024/09/11 23:03,U10
1167295,2024/09/11 23:04,2024/09/11 23:04,2024/09/11 23:04,U10
1167296,2024/09/11 23:04,2024/09/11 23:05,2024/09/11 23:05,U10
1167297,2024/09/11 23:05,2024/09/11 23:05,2024/09/11 23:05,U10
1167300,2024/09/11 22:49,2024/09/11 22:49,2024/09/11 22:49,U10
1167309,2024/09/11 22:52,2024/09/11 22:52,2024/09/11 22:52,U10
1167320,2024/09/11 22:58,2024/09/11 22:58,2024/09/11 22:58,U10
1171436,2024/09/13 4:09,2024/09/13 4:09,2024/09/13 4:09,U11
1171440,2024/09/13 4:11,2024/09/13 4:11,2024/09/13 4:11,U11
1171441,2024/09/13 4:11,2024/09/13 4:11,2024/09/13 4:11,U11
1171442,2024/09/13 4:11,2024/09/13 4:11,2024/09/13 4:11,U11
1171443,2024/09/13 4:13,2024/09/13 4:13,2024/09/13 4:13,U11
1171444,2024/09/13 4:13,2024/09/13 4:13,2024/09/13 4:13,U11
1171445,2024/09/13 4:13,2024/09/13 4:13,2024/09/13 4:13,U11
1171446,2024/09/13 4:14,2024/09/13 4:14,2024/09/13 4:14,U11
1171447,2024/09/13 4:14,2024/09/13 4:14,2024/09/13 4:14,U11
1171448,2024/09/13 4:15,2024/09/13 4:15,2024/09/13 4:15,U11
1171449,2024/09/13 4:15,2024/09/13 4:16,2024/09/13 4:16,U11
1171450,2024/09/13 4:16,2024/09/13 4:16,2024/09/13 4:16,U11
1171451,2024/09/13 4:16,2024/09/13 4:16,2024/09/13 4:16,U11
1171452,2024/09/13 4:16,2024/09/13 4:16,2024/09/13 4:16,U11
1171453,2024/09/13 4:16,2024/09/13 4:16,2024/09/13 4:17,U11
1171454,2024/09/13 4:16,2024/09/13 4:17,2024/09/13 4:17,U11
1171455,2024/09/13 4:17,2024/09/13 4:17,2024/09/13 4:17,U11
1171456,2024/09/13 4:17,2024/09/13 4:17,2024/09/13 4:17,U11
1171457,2024/09/13 4:17,2024/09/13 4:17,2024/09/13 4:18,U11
1171458,2024/09/13 4:18,2024/09/13 4:18,2024/09/13 4:18,U11
1171459,2024/09/13 4:19,2024/09/13 4:19,2024/09/13 4:19,U11
1171460,2024/09/13 4:19,2024/09/13 4:19,2024/09/13 4:19,U11
1171461,2024/09/13 4:19,2024/09/13 4:19,2024/09/13 4:19,U11
1171462,2024/09/13 4:21,2024/09/13 4:21,2024/09/13 4:21,U11
1171463,2024/09/13 4:21,2024/09/13 4:22,2024/09/13 4:22,U11
1171464,2024/09/13 4:22,2024/09/13 4:22,2024/09/13 4:23,U11
1171465,2024/09/13 4:23,2024/09/13 4:24,2024/09/13 4:24,U11
1171466,2024/09/13 4:25,2024/09/13 4:25,2024/09/13 4:25,U11
1171467,2024/09/13 4:25,2024/09/13 4:26,2024/09/13 4:26,U11
1171517,2024/09/13 4:28,2024/09/13 4:28,2024/09/13 4:28,U12
1171518,2024/09/13 4:28,2024/09/13 4:28,2024/09/13 4:28,U12
1171519,2024/09/13 4:28,2024/09/13 4:28,2024/09/13 4:29,U12
1171520,2024/09/13 4:29,2024/09/13 4:29,2024/09/13 4:29,U12
1171521,2024/09/13 4:29,2024/09/13 4:29,2024/09/13 4:29,U12
1171522,2024/09/13 4:29,2024/09/13 4:29,2024/09/13 4:29,U12
1171523,2024/09/13 4:30,2024/09/13 4:30,2024/09/13 4:30,U12
1171524,2024/09/13 4:30,2024/09/13 4:30,2024/09/13 4:30,U12
1171525,2024/09/13 4:30,2024/09/13 4:30,2024/09/13 4:31,U12
1171526,2024/09/13 4:31,2024/09/13 4:31,2024/09/13 4:31,U12
1171527,2024/09/13 4:31,2024/09/13 4:31,2024/09/13 4:31,U12
1171528,2024/09/13 4:31,2024/09/13 4:31,2024/09/13 4:31,U12
1171529,2024/09/13 4:31,2024/09/13 4:32,2024/09/13 4:32,U12
1171530,2024/09/13 4:32,2024/09/13 4:32,2024/09/13 4:32,U12
1171531,2024/09/13 4:32,2024/09/13 4:32,2024/09/13 4:32,U12
1171532,2024/09/13 4:32,2024/09/13 4:33,2024/09/13 4:33,U12
1171533,2024/09/13 4:33,2024/09/13 4:33,2024/09/13 4:33,U12
1171534,2024/09/13 4:33,2024/09/13 4:33,2024/09/13 4:33,U12
1171535,2024/09/13 4:33,2024/09/13 4:33,2024/09/13 4:34,U12
1171536,2024/09/13 4:34,2024/09/13 4:34,2024/09/13 4:34,U12
1171537,2024/09/13 4:34,2024/09/13 4:34,2024/09/13 4:34,U12
1171538,2024/09/13 4:34,2024/09/13 4:35,2024/09/13 4:35,U12
1171539,2024/09/13 4:35,2024/09/13 4:36,2024/09/13 4:36,U12
1171540,2024/09/13 4:36,2024/09/13 4:36,2024/09/13 4:36,U12
1171541,2024/09/13 4:36,2024/09/13 4:37,2024/09/13 4:37,U12
1171542,2024/09/13 4:37,2024/09/13 4:37,2024/09/13 4:37,U12
1171543,2024/09/13 4:37,2024/09/13 4:38,2024/09/13 4:38,U12
1171544,2024/09/13 4:38,2024/09/13 4:38,2024/09/13 4:38,U12